Line,Time,Remark
1,2022_04_22 16:49:12.342288,RL11249873,ENE,Address15 Part:,OF 15
,,"STRUCTURE=SERVICE BOX, VOLTAGE=27.2, GROUND=OFTAL CURB, MSPLATE=23PG, HARMONIC=39.4, V NON-SHUNT=77.7, STATUS=CREW WAITING"
2,2022_04_22 18:21:03.342288,"RL11249873: Comment: SURVEY CONDUCTED, REPORTS 79BQ"
3,2022_04_22 20:07:16.542288,RL11249873: Comment: MAINTENANCE PERSON REQUIRED TO SHUT BREAKER OFF
4,2022_04_22 21:17:58.542288,RL11249873: Comment: ELECTRICIAN RELEASED AT 4:44HRS
5,2022_04_22 22:23:02.742288,RL11249873: Comment: ADDITIONAL ASSISTANCE NEEDED
6,2022_04_22 22:30:41.742288,RL11249873: Comment: 75.8 VOLTS
7,2022_04_23 01:23:55.542288,RL11249873: Comment: SERVICE VEHICLE REQUESTED
8,2022_04_23 04:05:25.542288,RL11249873: Comment: 29% HARMONICS
