Line,Time,Remark
1,2022_04_23 00:05:12.465635,TM72926457,ENE,Address198 Part:,HD 198
,,"STRUCTURE=ASPHALT, VOLTAGE=53.6, GROUND=HYDRANT, MSPLATE=97FM, HARMONIC=45.9, V NON-SHUNT=3.4, STATUS=PASSIVE SITE SAFETY"
2,2022_04_23 01:01:07.665635,TM72926457: Comment: CREW REPORTS VEHICLE NEEDS TO EB MOVED
3,2022_04_23 03:31:16.665635,TM72926457: Comment: LOAD TEST SUCCEEDED AT 6:29HRS
4,2022_04_23 06:17:25.065635,"TM72926457: Comment: INFOROFD I&A, CREW WILL EB ON LOCATION UNTIL 4PM"
5,2022_04_23 06:55:51.465635,TM72926457: Comment: SERVICE VEHICLE REQUESTED
6,2022_04_23 07:01:44.265635,TM72926457: Comment: ADDITIONAL ASSISTANCE NEEDED
7,2022_04_23 08:53:49.065635,TM72926457: Comment: 8.5 VOLTS REMAINING
8,2022_04_23 10:00:06.465635,TM72926457: Comment: CONTACT S&R
